Date,DNFTSE,MPredicted,daily date,daily predicted price
2019-07-31,0.0542299503,0.03993001438,2019-07-31,0.03993001438
2019-08-01,0.01612326349,,2019-08-01,0.038653868136666665
2019-08-02,0.1908307452,,2019-08-02,0.03737772189333333
2019-08-05,0.1911798903,,2019-08-05,0.036101575649999995
2019-08-06,0.01261909917,,2019-08-06,0.034825429406666664
2019-08-07,-0.04747003296,,2019-08-07,0.03354928316333333
2019-08-08,-0.09844423025,,2019-08-08,0.03227313692
2019-08-09,0.02273354725,,2019-08-09,0.030996990676666662
2019-08-12,0.0897312523,,2019-08-12,0.02972084443333333
2019-08-13,-0.04766954441,,2019-08-13,0.02844469819
2019-08-14,0.138753367,,2019-08-14,0.027168551946666664
2019-08-15,0.04526660504,,2019-08-15,0.02589240570333333
2019-08-16,-0.09073369953,,2019-08-16,0.024616259459999998
2019-08-19,-0.1382526324,,2019-08-19,0.023340113216666666
2019-08-20,0.04501623773,,2019-08-20,0.02206396697333333
2019-08-21,-0.09999728996,,2019-08-21,0.020787820729999996
2019-08-22,0.001251836544,,2019-08-22,0.019511674486666665
2019-08-23,-0.01542203943,,2019-08-23,0.018235528243333333
2019-08-27,-0.04997370605,,2019-08-27,0.016959382
2019-08-28,0.0665478263,,2019-08-28,0.015683235756666664
2019-08-29,-0.04481574829,,2019-08-29,0.014407089513333332
2019-08-30,-0.05062407425,0.01313094327,2019-08-30,0.01313094327
2019-09-02,-0.04406464636,,2019-09-02,0.01050891995
2019-09-03,0.008762855811,,2019-09-03,0.007886896630000001
2019-09-04,-0.07761386575,,2019-09-04,0.005264873309999999
2019-09-05,-0.01527240584,,2019-09-05,0.0026428499899999996
2019-09-06,-0.02799126073,,2019-09-06,2.0826669999999756e-05
2019-09-09,0.01351983468,,2019-09-09,-0.002601196650000002
2019-09-10,-0.03024456651,,2019-09-10,-0.005223219970000002
2019-09-11,-0.1218281457,,2019-09-11,-0.007845243290000001
2019-09-12,0.009814202908,,2019-09-12,-0.010467266610000001
2019-09-13,-0.1167718997,,2019-09-13,-0.013089289930000001
2019-09-16,0.0678495407,,2019-09-16,-0.01571131325
2019-09-17,0.00991493663,,2019-09-17,-0.018333336570000004
2019-09-18,-0.006960406786,,2019-09-18,-0.020955359890000004
2019-09-19,-0.01757558948,,2019-09-19,-0.023577383210000004
2019-09-20,-0.04000889156,,2019-09-20,-0.026199406530000004
2019-09-23,0.06289207239,,2019-09-23,-0.028821429850000004
2019-09-24,0.06244219363,,2019-09-24,-0.03144345317
2019-09-25,0.07220554068,,2019-09-25,-0.03406547649
2019-09-26,-0.0218817116,,2019-09-26,-0.03668749981
2019-09-27,-0.07631215134,,2019-09-27,-0.03930952313
2019-09-30,0.01717558859,-0.04193154645,2019-09-30,-0.04193154645
2019-10-01,0.03199615968,,2019-10-01,-0.03832887288565218
2019-10-02,0.1982410308,,2019-10-02,-0.03472619932130435
2019-10-03,0.0644451321,,2019-10-03,-0.031123525756956524
2019-10-04,-0.06619770326,,2019-10-04,-0.027520852192608698
2019-10-07,0.03014481079,,2019-10-07,-0.02391817862826087
2019-10-08,0.1098105149,,2019-10-08,-0.020315505063913043
2019-10-09,0.0146719155,,2019-10-09,-0.016712831499565216
2019-10-10,-0.0320968934,,2019-10-10,-0.01311015793521739
2019-10-11,-0.4035921019,,2019-10-11,-0.00950748437086956
2019-10-14,0.05598154347,,2019-10-14,-0.005904810806521735
2019-10-15,-0.1337460208,,2019-10-15,-0.0023021372421739086
2019-10-16,0.00450661156,,2019-10-16,0.0013005363221739175
2019-10-17,-0.01657412025,,2019-10-17,0.0049032098865217436
2019-10-18,-0.003705631771,,2019-10-18,0.00850588345086957
2019-10-21,-0.040209381,,2019-10-21,0.012108557015217396
2019-10-22,0.06354341859,,2019-10-22,0.015711230579565222
2019-10-23,0.0005007346177,,2019-10-23,0.019313904143913048
2019-10-24,0.01437167033,,2019-10-24,0.02291657770826088
2019-10-25,0.02438538469,,2019-10-25,0.0265192512726087
2019-10-28,-0.05342799251,,2019-10-28,0.030121924836956533
2019-10-29,0.02097999809,,2019-10-29,0.03372459840130435
2019-10-30,0.02663966846,,2019-10-30,0.037327271965652185
2019-10-31,0.04686856462,0.04092994553,2019-10-31,0.04092994553
2019-11-01,-0.06875125422,,2019-11-01,0.038959075141819045
2019-11-04,-0.04551599436,,2019-11-04,0.03698820475363809
2019-11-05,-0.02268366938,,2019-11-05,0.03501733436545714
2019-11-06,0.03925778963,,2019-11-06,0.03304646397727619
2019-11-07,-0.1084589226,,2019-11-07,0.031075593589095236
2019-11-08,0.0378553415,,2019-11-08,0.029104723200914284
2019-11-11,-0.02623868957,,2019-11-11,0.027133852812733332
2019-11-12,-0.008612244226,,2019-11-12,0.02516298242455238
2019-11-13,0.06880015408,,2019-11-13,0.023192112036371428
2019-11-14,0.02904260783,,2019-11-14,0.021221241648190475
2019-11-15,-0.08642659942,,2019-11-15,0.019250371260009523
2019-11-18,-0.0180763241,,2019-11-18,0.01727950087182857
2019-11-19,-0.04406464636,,2019-11-19,0.015308630483647619
2019-11-20,0.02663869047,,2019-11-20,0.013337760095466666
2019-11-21,0.05277762431,,2019-11-21,0.011366889707285714
2019-11-22,-0.0580353378,,2019-11-22,0.009396019319104762
2019-11-25,-0.1088589235,,2019-11-25,0.00742514893092381
2019-11-26,-0.08096937449,,2019-11-26,0.0054542785427428575
2019-11-27,-0.04476587043,,2019-11-27,0.0034834081545619053
2019-11-28,-0.03470032221,,2019-11-28,0.001512537766380953
2019-11-29,0.1056550043,-0.0004583326218,2019-11-29,-0.0004583326218
2019-12-02,0.05628276663,,2019-12-02,-0.00055022101741
2019-12-03,0.09979582252,,2019-12-03,-0.00064210941302
2019-12-04,-0.08242072248,,2019-12-04,-0.0007339978086300001
2019-12-05,-0.02093109822,,2019-12-05,-0.00082588620424
2019-12-06,-0.113015412,,2019-12-06,-0.0009177745998500001
2019-12-09,0.005207835624,,2019-12-09,-0.0010096629954600002
2019-12-10,0.07085394841,,2019-12-10,-0.00110155139107
2019-12-11,0.06709843878,,2019-12-11,-0.0011934397866800001
2019-12-12,-0.07305737633,,2019-12-12,-0.00128532818229
2019-12-13,-0.357925496,,2019-12-13,-0.0013772165779
2019-12-16,-0.2067525413,,2019-12-16,-0.0014691049735100002
2019-12-17,0.1154193294,,2019-12-17,-0.0015609933691200003
2019-12-18,0.01356971254,,2019-12-18,-0.0016528817647300002
2019-12-19,-0.001502203853,,2019-12-19,-0.0017447701603400003
2019-12-20,-0.004106610664,,2019-12-20,-0.0018366585559500001
2019-12-23,-0.08467402826,,2019-12-23,-0.0019285469515600002
2019-12-24,-0.06895076566,,2019-12-24,-0.0020204353471700003
2019-12-27,-0.03900742232,,2019-12-27,-0.00211232374278
2019-12-30,0.0614397464,,2019-12-30,-0.00220421213839
2019-12-31,0.02648905688,-0.002296100534,2019-12-31,-0.002296100534
2020-01-02,-0.1126154111,,2020-01-02,-0.0010756531965454548
2020-01-03,0.06013900999,,2020-01-03,0.00014479414090909056
2020-01-06,0.1133655351,,2020-01-06,0.0013652414783636357
2020-01-07,-0.035501302,,2020-01-07,0.0025856888158181813
2020-01-08,0.09053223209,,2020-01-08,0.003806136153272727
2020-01-09,0.004406855835,,2020-01-09,0.005026583490727272
2020-01-10,0.0382563204,,2020-01-10,0.006247030828181818
2020-01-13,-0.07516104852,,2020-01-13,0.007467478165636363
2020-01-14,-0.01967828368,,2020-01-14,0.008687925503090908
2020-01-15,0.02153158856,,2020-01-15,0.009908372840545455
2020-01-16,-0.004055754804,,2020-01-16,0.011128820177999998
2020-01-17,-0.08257133407,,2020-01-17,0.012349267515454544
2020-01-20,0.01957852795,,2020-01-20,0.01356971485290909
2020-01-21,0.05087444156,,2020-01-21,0.014790162190363637
2020-01-22,-0.008812733673,,2020-01-22,0.01601060952781818
2020-01-23,0.1113635746,,2020-01-23,0.017231056865272727
2020-01-24,-0.1118144313,,2020-01-24,0.018451504202727273
2020-01-27,0.2304386579,,2020-01-27,0.019671951540181816
2020-01-28,-0.06479525514,,2020-01-28,0.020892398877636362
2020-01-29,-0.01797656838,,2020-01-29,0.02211284621509091
2020-01-30,0.0886799052,,2020-01-30,0.023333293552545452
2020-01-31,0.07430921287,0.02455374089,2020-01-31,0.02455374089
2020-02-03,-0.008712977948,,2020-02-03,0.016072482250499998
2020-02-04,-0.1397049584,,2020-02-04,0.007591223610999998
2020-02-05,-0.04010864728,,2020-02-05,-0.0008900350285000018
2020-02-06,-0.02648905688,,2020-02-06,-0.009371293668000002
2020-02-07,0.03685387227,,2020-02-07,-0.017852552307500002
2020-02-10,0.003004407706,,2020-02-10,-0.026333810947000002
2020-02-11,-0.07646178493,,2020-02-11,-0.034815069586500005
2020-02-12,-0.07385835612,,2020-02-12,-0.043296328226000005
2020-02-13,0.05988766468,,2020-02-13,-0.051777586865500005
2020-02-14,-0.05818497138,,2020-02-14,-0.060258845505000005
2020-02-17,-0.01812717996,,2020-02-17,-0.0687401041445
2020-02-18,0.0740089677,,2020-02-18,-0.077221362784
2020-02-19,-0.0863268437,,2020-02-19,-0.0857026214235
2020-02-20,-0.007911020162,,2020-02-20,-0.094183880063
2020-02-21,0.04331354444,,2020-02-21,-0.1026651387025
2020-02-24,0.3316359505,,2020-02-24,-0.111146397342
2020-02-25,0.2012454385,,2020-02-25,-0.1196276559815
2020-02-26,0.04656831945,,2020-02-26,-0.128108914621
2020-02-27,0.4203667116,,2020-02-27,-0.1365901732605
2020-02-28,0.2266322924,-0.1450714319,2020-02-28,-0.1450714319
2020-03-02,0.01462203764,,2020-03-02,-0.13828665911431817
2020-03-03,-0.1907798894,,2020-03-03,-0.13150188632863635
2020-03-04,-0.03009493292,,2020-03-04,-0.12471711354295453
2020-03-05,0.2101589059,,2020-03-05,-0.11793234075727271
2020-03-06,0.288723385,,2020-03-06,-0.1111475679715909
2020-03-09,0.6005314183,,2020-03-09,-0.10436279518590907
2020-03-10,4.987786231e-05,,2020-03-10,-0.09757802240022725
2020-03-11,0.1041029226,,2020-03-11,-0.09079324961454543
2020-03-12,0.8120908163,,2020-03-12,-0.08400847682886362
2020-03-13,0.0778143552,,2020-03-13,-0.07722370404318181
2020-03-16,0.6069906014,,2020-03-16,-0.07043893125749999
2020-03-17,0.2127618457,,2020-03-17,-0.06365415847181817
2020-03-18,0.4590235219,,2020-03-18,-0.05686938568613635
2020-03-19,0.08938112927,,2020-03-19,-0.05008461290045453
2020-03-20,-0.3820101465,,2020-03-20,-0.04329984011477271
2020-03-23,0.2576778387,,2020-03-23,-0.03651506732909089
2020-03-24,-0.5481542838,,2020-03-24,-0.029730294543409072
2020-03-25,-0.3240755424,,2020-03-25,-0.022945521757727252
2020-03-26,-0.2808118758,,2020-03-26,-0.016160748972045447
2020-03-27,0.3058989736,,2020-03-27,-0.009375976186363627
2020-03-30,0.0727067643,,2020-03-30,-0.0025912034006818074
2020-03-31,-0.2386000454,0.004193569385,2020-03-31,0.004193569385
2020-04-01,0.2773566114,,2020-04-01,0.00494984487625
2020-04-02,0.0552812974,,2020-04-02,0.0057061203674999995
2020-04-03,0.1690478114,,2020-04-03,0.00646239585875
2020-04-06,-0.3571240272,,2020-04-06,0.00721867135
2020-04-07,-0.3788556162,,2020-04-07,0.00797494684125
2020-04-08,-0.1471157329,,2020-04-08,0.0087312223325
2020-04-09,-0.2729507335,,2020-04-09,0.00948749782375
2020-04-14,0.1628893624,,2020-04-14,0.010243773315
2020-04-15,0.368039944,,2020-04-15,0.01100004880625
2020-04-16,-0.01552277315,,2020-04-16,0.011756324297499999
2020-04-17,-0.2407032286,,2020-04-17,0.012512599788749999
2020-04-20,0.01832669141,,2020-04-20,0.01326887528
2020-04-21,0.2120112328,,2020-04-21,0.01402515077125
2020-04-22,-0.0935371288,,2020-04-22,0.0147814262625
2020-04-23,-0.1041029226,,2020-04-23,0.01553770175375
2020-04-24,0.05337811465,,2020-04-24,0.016293977245
2020-04-27,-0.1328447963,,2020-04-27,0.01705025273625
2020-04-28,-0.1696986686,,2020-04-28,0.0178065282275
2020-04-29,-0.2722499985,,2020-04-29,0.01856280371875
2020-04-30,0.1906801336,0.01931907921,2020-04-30,0.01931907921
2020-05-01,0.1533250378,,2020-05-01,0.0176092796905
2020-05-04,0.09844423025,,2020-05-04,0.015899480171
2020-05-05,-0.07080358155,,2020-05-05,0.0141896806515
2020-05-06,0.05538105312,,2020-05-06,0.012479881132
2020-05-07,-0.1328951631,,2020-05-07,0.0107700816125
2020-05-11,-0.01181714138,,2020-05-11,0.009060282093
2020-05-12,0.04932235985,,2020-05-12,0.007350482573499999
2020-05-13,0.1476668344,,2020-05-13,0.005640683053999999
2020-05-14,0.2370978415,,2020-05-14,0.003930883534499999
2020-05-15,-0.1282883069,,2020-05-15,0.0022210840149999994
2020-05-18,-0.2850182422,,2020-05-18,0.0005112844954999994
2020-05-19,-0.04511599346,,2020-05-19,-0.0011985150240000006
2020-05-20,-0.02373501648,,2020-05-20,-0.0029083145435000006
2020-05-21,-0.009263590428,,2020-05-21,-0.004618114063000001
2020-05-22,-0.006459672168,,2020-05-22,-0.006327913582500001
2020-05-26,-0.2676426532,,2020-05-26,-0.008037713102
2020-05-27,-0.1052540255,,2020-05-27,-0.0097475126215
2020-05-28,-0.0975933726,,2020-05-28,-0.011457312141
2020-05-29,0.1479670795,,2020-05-29,-0.013167111660500004
2020-06-01,-0.1174222679,-0.01487691118,2020-06-01,-0.01487691118
2020-06-02,-0.0795170485,,2020-06-02,-0.012802097711428572
2020-06-03,-0.2307379251,,2020-06-03,-0.010727284242857144
2020-06-04,0.03560203572,,2020-06-04,-0.008652470774285714
2020-06-05,-0.2019466625,,2020-06-05,-0.006577657305714286
2020-06-08,0.04626807428,,2020-06-08,-0.004502843837142858
2020-06-09,0.1910801345,,2020-06-09,-0.002428030368571428
2020-06-10,0.07501043694,,2020-06-10,-0.0003532168999999998
2020-06-11,0.3163645227,,2020-06-11,0.0017215965685714284
2020-06-12,-0.0518768888,,2020-06-12,0.0037964100371428583
2020-06-15,-0.005957959553,,2020-06-15,0.005871223505714285
2020-06-16,-0.188025849,,2020-06-16,0.007946036974285715
2020-06-17,-0.05893705131,,2020-06-17,0.010020850442857145
2020-06-18,0.0320968934,,2020-06-18,0.012095663911428571
2020-06-19,-0.0846241504,,2020-06-19,0.014170477380000001
2020-06-22,0.05703386856,,2020-06-22,0.016245290848571427
2020-06-23,-0.03975852425,,2020-06-23,0.018320104317142857
2020-06-24,0.2513687781,,2020-06-24,0.020394917785714284
2020-06-25,0.01937901651,,2020-06-25,0.022469731254285717
2020-06-26,-0.0005506124801,,2020-06-26,0.024544544722857144
2020-06-29,-0.04281280982,,2020-06-29,0.02661935819142857
2020-06-30,0.03980840211,0.02869417166,2020-06-30,0.02869417166
2020-07-01,-0.03515215696,,2020-07-01,0.02765445460378261
2020-07-02,-0.08938112927,,2020-07-02,0.02661473754756522
2020-07-03,0.03299860691,,2020-07-03,0.025575020491347827
2020-07-06,-0.1241821852,,2020-07-06,0.024535303435130433
2020-07-07,0.1001469235,,2020-07-07,0.023495586378913046
2020-07-08,0.0825214562,,2020-07-08,0.02245586932269565
2020-07-09,0.1001968014,,2020-07-09,0.02141615226647826
2020-07-10,-0.0975933726,,2020-07-10,0.02037643521026087
2020-07-13,-0.1027004745,,2020-07-13,0.01933671815404348
2020-07-14,0.1053547592,,2020-07-14,0.018297001097826088
2020-07-15,-0.1231308381,,2020-07-15,0.017257284041608693
2020-07-16,0.04972236074,,2020-07-16,0.016217566985391306
2020-07-17,-0.01331934523,,2020-07-17,0.015177849929173913
2020-07-20,-0.01902791547,,2020-07-20,0.01413813287295652
2020-07-21,-0.0580353378,,2020-07-21,0.01309841581673913
2020-07-22,0.0180773021,,2020-07-22,0.012058698760521739
2020-07-23,-0.0119178751,,2020-07-23,0.011018981704304348
2020-07-24,0.1125146774,,2020-07-24,0.009979264648086957
2020-07-27,0.05352872624,,2020-07-27,0.008939547591869566
2020-07-28,-0.06023778772,,2020-07-28,0.007899830535652175
2020-07-29,0.01527240584,,2020-07-29,0.006860113479434781
2020-07-30,0.1154692073,,2020-07-30,0.00582039642321739
2020-07-31,0.04226219734,0.004780679367,2020-07-31,0.004780679367
2020-08-03,-0.1128657784,,2020-08-03,0.004738443098285715
2020-08-04,-0.07490970322,,2020-08-04,0.0046962068295714286
2020-08-05,-0.165543647,,2020-08-05,0.004653970560857143
2020-08-06,0.07956692636,,2020-08-06,0.004611734292142857
2020-08-07,-0.07185541765,,2020-08-07,0.0045694980234285715
2020-08-10,-0.05107493101,,2020-08-10,0.004527261754714286
2020-08-11,-0.1363494496,,2020-08-11,0.004485025486
2020-08-12,-0.04626807428,,2020-08-12,0.0044427892172857145
2020-08-13,0.08262121193,,2020-08-13,0.004400552948571428
2020-08-14,0.09463884275,,2020-08-14,0.004358316679857143
2020-08-17,-0.01817705782,,2020-08-17,0.0043160804111428575
2020-08-18,0.07455958018,,2020-08-18,0.004273844142428571
2020-08-19,0.01982889526,,2020-08-19,0.004231607873714286
2020-08-20,0.04356391174,,2020-08-20,0.004189371605
2020-08-21,-0.04070913762,,2020-08-21,0.004147135336285714
2020-08-24,-0.05377909355,,2020-08-24,0.004104899067571428
2020-08-25,0.05367835982,,2020-08-25,0.004062662798857143
2020-08-26,-0.08797868114,,2020-08-26,0.004020426530142857
2020-08-27,-0.004206366389,,2020-08-27,0.003978190261428571
2020-08-28,-0.01316971165,,2020-08-28,0.003935953992714286
2020-09-01,0.09198553608,0.003893717724,2020-09-01,0.003893717724
2020-09-02,-0.04997370605,,2020-09-02,0.007524266718095238
2020-09-03,0.1225303478,,2020-09-03,0.011154815712190475
2020-09-04,0.05277664631,,2020-09-04,0.014785364706285714
2020-09-07,-0.1441607141,,2020-09-07,0.01841591370038095
2020-09-08,0.008512488502,,2020-09-08,0.02204646269447619
2020-09-09,0.01517167212,,2020-09-09,0.02567701168857143
2020-09-10,0.007811264437,,2020-09-10,0.029307560682666666
2020-09-11,0.01171738565,,2020-09-11,0.032938109676761904
2020-09-14,-0.06078937819,,2020-09-14,0.03656865867085714
2020-09-15,-0.06915125511,,2020-09-15,0.04019920766495238
2020-09-16,0.01006457022,,2020-09-16,0.04382975665904761
2020-09-17,0.02884309638,,2020-09-17,0.047460305653142854
2020-09-18,0.08412341578,,2020-09-18,0.05109085464723809
2020-09-21,0.3499626419,,2020-09-21,0.05472140364133333
2020-09-22,0.02458685213,,2020-09-22,0.05835195263542856
2020-09-23,-0.08577623122,,2020-09-23,0.061982501629523803
2020-09-24,0.09529018896,,2020-09-24,0.06561305062361905
2020-09-25,-0.1208775323,,2020-09-25,0.06924359961771429
2020-09-28,-0.1633402191,,2020-09-28,0.07287414861180952
2020-09-29,0.09844520825,,2020-09-29,0.07650469760590477
2020-09-30,-0.07090480427,0.0801352466,2020-09-30,0.0801352466
2020-10-01,-0.03414970973,,2020-10-01,0.0801512661640909
2020-10-02,-0.006159426997,,2020-10-02,0.08016728572818183
2020-10-05,-0.09378700711,,2020-10-05,0.08018330529227273
2020-10-06,-0.1073078198,,2020-10-06,0.08019932485636364
2020-10-07,-0.002203427918,,2020-10-07,0.08021534442045454
2020-10-08,-0.0723052964,,2020-10-08,0.08023136398454546
2020-10-09,-0.06419476479,,2020-10-09,0.08024738354863636
2020-10-12,-0.04671795304,,2020-10-12,0.08026340311272727
2020-10-13,0.1385528775,,2020-10-13,0.08027942267681817
2020-10-14,-0.02974383189,,2020-10-14,0.08029544224090909
2020-10-15,0.05603239933,,2020-10-15,0.080311461805
2020-10-16,0.007811264437,,2020-10-16,0.0803274813690909
2020-10-19,-0.02163134429,,2020-10-19,0.08034350093318182
2020-10-20,-0.03159615878,,2020-10-20,0.08035952049727273
2020-10-21,0.07080309255,,2020-10-21,0.08037554006136363
2020-10-22,-0.05337811465,,2020-10-22,0.08039155962545454
2020-10-23,-0.1077576985,,2020-10-23,0.08040757918954546
2020-10-26,0.1283376957,,2020-10-26,0.08042359875363636
2020-10-27,0.1329958969,,2020-10-27,0.08043961831772727
2020-10-28,0.1696483017,,2020-10-28,0.08045563788181817
2020-10-29,0.03565289158,,2020-10-29,0.08047165744590909
2020-10-30,-0.01837754727,0.08048767701,2020-10-30,0.08048767701
2020-11-02,0.01697509914,,2020-11-02,0.08060299474809524
2020-11-03,-0.1558282218,,2020-11-03,0.08071831248619048
2020-11-04,-0.1524238132,,2020-11-04,0.0808336302242857
2020-11-05,-0.06629745899,,2020-11-05,0.08094894796238095
2020-11-06,0.005357469211,,2020-11-06,0.08106426570047619
2020-11-09,-0.4669849089,,2020-11-09,0.08117958343857143
2020-11-10,-0.0890808841,,2020-11-10,0.08129490117666666
2020-11-11,-0.1561783449,,2020-11-11,0.0814102189147619
2020-11-12,0.01902791547,,2020-11-12,0.08152553665285714
2020-11-13,0.01612326349,,2020-11-13,0.08164085439095238
2020-11-16,-0.1692981787,,2020-11-16,0.08175617212904761
2020-11-17,0.04601770697,,2020-11-17,0.08187148986714285
2020-11-18,-0.09198553608,,2020-11-18,0.08198680760523809
2020-11-19,0.09684227067,,2020-11-19,0.08210212534333333
2020-11-20,-0.0002503673089,,2020-11-20,0.08221744308142856
2020-11-23,-0.03775558578,,2020-11-23,0.0823327608195238
2020-11-24,-0.1037518216,,2020-11-24,0.08244807855761904
2020-11-25,0.1102613716,,2020-11-25,0.08256339629571428
2020-11-26,0.08667696673,,2020-11-26,0.08267871403380951
2020-11-27,-0.03324799622,,2020-11-27,0.08279403177190475
2020-11-30,0.06329207329,0.08290934951,2020-11-30,0.08290934951
2020-12-01,-0.2546235531,,2020-12-01,0.07996515673904761
2020-12-02,-0.01652424239,,2020-12-02,0.07702096396809523
2020-12-03,-0.1274868381,,2020-12-03,0.07407677119714284
2020-12-04,-0.02518636447,,2020-12-04,0.07113257842619047
2020-12-07,0.1266858583,,2020-12-07,0.06818838565523809
2020-12-08,0.02964309817,,2020-12-08,0.0652441928842857
2020-12-09,-0.006710039477,,2020-12-09,0.06230000011333332
2020-12-10,0.06399427535,,2020-12-10,0.059355807342380947
2020-12-11,0.06704856092,,2020-12-11,0.05641161457142857
2020-12-14,-0.07100456,,2020-12-14,0.053467421800476186
2020-12-15,-0.04426513581,,2020-12-15,0.0505232290295238
2020-12-16,-0.1222790025,,2020-12-16,0.04757903625857142
2020-12-17,-0.09984667838,,2020-12-17,0.04463484348761904
2020-12-18,0.08998161961,,2020-12-18,0.04169065071666666
2020-12-21,0.2124122116,,2020-12-21,0.03874645794571428
2020-12-22,-0.1294897766,,2020-12-22,0.0358022651747619
2020-12-23,-0.1738057682,,2020-12-23,0.032858072403809516
2020-12-24,-0.124632064,,2020-12-24,0.02991387963285714
2020-12-29,-0.175707973,,2020-12-29,0.026969686861904756
2020-12-30,0.09138406774,,2020-12-30,0.02402549409095238
2020-12-31,0.1135660245,0.02108130132,2020-12-31,0.02108130132
2021-01-04,-0.02483624144,,2021-01-04,0.02265668527952381
2021-01-05,-0.08988186389,,2021-01-05,0.024232069239047617
2021-01-06,-0.1280873284,,2021-01-06,0.025807453198571428
2021-01-07,-0.01837754727,,2021-01-07,0.027382837158095235
2021-01-08,-0.02718930295,,2021-01-08,0.028958221117619046
2021-01-11,0.1442614478,,2021-01-11,0.030533605077142853
2021-01-12,0.03159615878,,2021-01-12,0.03210898903666666
2021-01-13,0.04842064634,,2021-01-13,0.033684372996190474
2021-01-14,-0.07986717153,,2021-01-14,0.03525975695571428
2021-01-15,0.08021827256,,2021-01-15,0.036835140915238096
2021-01-18,-0.01186799724,,2021-01-18,0.0384105248747619
2021-01-19,0.01822693569,,2021-01-19,0.03998590883428571
2021-01-20,-0.1395044689,,2021-01-20,0.04156129279380952
2021-01-21,0.04396489064,,2021-01-21,0.043136676753333325
2021-01-22,0.09854398597,,2021-01-22,0.04471206071285713
2021-01-25,0.1234310833,,2021-01-25,0.04628744467238095
2021-01-26,-0.04907199254,,2021-01-26,0.04786282863190476
2021-01-27,0.08512488502,,2021-01-27,0.04943821259142857
2021-01-28,-0.04501623773,,2021-01-28,0.051013596550952375
2021-01-29,0.0699532129,,2021-01-29,0.05258898051047618
2021-02-01,-0.08212047731,0.05416436447,2021-02-01,0.05416436447
2021-02-02,-0.1490184266,,2021-02-02,0.05320179453
2021-02-03,-0.03114628002,,2021-02-03,0.052239224589999994
2021-02-04,-0.02849199535,,2021-02-04,0.051276654649999996
2021-02-05,-0.1289890419,,2021-02-05,0.05031408471
2021-02-08,-0.009864080771,,2021-02-08,0.04935151476999999
2021-02-09,-0.01316971165,,2021-02-09,0.048388944829999996
2021-02-10,0.05833558297,,2021-02-10,0.04742637489
2021-02-11,-0.01076579428,,2021-02-11,0.04646380495
2021-02-12,-0.009814202908,,2021-02-12,0.045501235009999995
2021-02-15,-0.1909803788,,2021-02-15,0.04453866507
2021-02-16,0.001251836544,,2021-02-16,0.04357609513
2021-02-17,0.1336462651,,2021-02-17,0.04261352519
2021-02-18,0.107958188,,2021-02-18,0.041650955249999996
2021-02-19,-0.05112480887,,2021-02-19,0.04068838531
2021-02-22,0.02749052611,,2021-02-22,0.03972581537
2021-02-23,-0.03835607612,,2021-02-23,0.038763245429999996
2021-02-24,-0.1276873275,,2021-02-24,0.03780067549
2021-02-25,0.05738399159,,2021-02-25,0.03683810555
2021-02-26,0.1440609583,,2021-02-26,0.035875535609999995
2021-03-01,-0.155778344,0.03491296567,2021-03-01,0.03491296567
2021-03-02,0.02183183373,,2021-03-02,0.03511290153590909
2021-03-03,-0.1293900208,,2021-03-03,0.03531283740181818
2021-03-04,0.07015370234,,2021-03-04,0.03551277326772727
2021-03-05,0.1676952411,,2021-03-05,0.03571270913363636
2021-03-08,-0.124632064,,2021-03-08,0.035912644999545454
2021-03-09,-0.08627696584,,2021-03-09,0.03611258086545455
2021-03-10,-0.01211738655,,2021-03-10,0.03631251673136363
2021-03-11,-0.06329305128,,2021-03-11,0.036512452597272725
2021-03-12,0.01331934523,,2021-03-12,0.03671238846318182
2021-03-15,-0.007961876022,,2021-03-15,0.03691232432909091
2021-03-16,-0.1212276554,,2021-03-16,0.037112260194999996
2021-03-17,0.1031014534,,2021-03-17,0.03731219606090909
2021-03-18,-0.005007346177,,2021-03-18,0.03751213192681818
2021-03-19,0.07425835701,,2021-03-19,0.037712067792727275
2021-03-22,-0.01782595679,,2021-03-22,0.03791200365863637
2021-03-23,0.06214097046,,2021-03-23,0.03811193952454545
2021-03-24,-0.03540154628,,2021-03-24,0.038311875390454546
2021-03-25,0.06244121563,,2021-03-25,0.03851181125636364
2021-03-26,-0.1046026792,,2021-03-26,0.03871174712227273
2021-03-29,0.02563722123,,2021-03-29,0.03891168298818182
2021-03-30,-0.069552234,,2021-03-30,0.03911161885409091
2021-03-31,0.02789150501,0.03931155472,2021-03-31,0.03931155472
2021-04-01,-0.1071572082,,2021-04-01,0.0398005831075
2021-04-06,-0.1310927141,,2021-04-06,0.040289611495
2021-04-07,-0.08317182441,,2021-04-07,0.0407786398825
2021-04-08,-0.04351403388,,2021-04-08,0.04126766827
2021-04-09,-0.001903182746,,2021-04-09,0.0417566966575
2021-04-12,0.04892235895,,2021-04-12,0.042245725045
2021-04-13,-0.05753460318,,2021-04-13,0.0427347534325
2021-04-14,-0.04356391174,,2021-04-14,0.04322378182
2021-04-15,-0.05833558297,,2021-04-15,0.0437128102075
2021-04-16,-0.02513648661,,2021-04-16,0.044201838595
2021-04-19,0.01567240674,,2021-04-19,0.0446908669825
2021-04-20,0.1914312356,,2021-04-20,0.04517989537
2021-04-21,0.01146701835,,2021-04-21,0.0456689237575
2021-04-22,-0.1398056921,,2021-04-22,0.046157952145
2021-04-23,-0.003705631771,,2021-04-23,0.0466469805325
2021-04-26,-0.1026505966,,2021-04-26,0.04713600892
2021-04-27,0.07220651868,,2021-04-27,0.0476250373075
2021-04-28,-0.003355508737,,2021-04-28,0.048114065695
2021-04-29,0.02348464917,,2021-04-29,0.0486030940825
2021-04-30,-0.05232676755,0.04909212247,2021-04-30,0.04909212247
2021-05-04,0.08382317061,,2021-05-04,0.046077998538
2021-05-05,-0.02799126073,,2021-05-05,0.043063874606
2021-05-06,-0.05282750217,,2021-05-06,0.040049750674000004
2021-05-07,-0.1421587536,,2021-05-07,0.037035626742
2021-05-10,0.03910815604,,2021-05-10,0.03402150281
2021-05-11,0.2654392253,,2021-05-11,0.031007378878
2021-05-12,0.02969297603,,2021-05-12,0.027993254946
2021-05-13,0.01927828278,,2021-05-13,0.024979131014
2021-05-14,-0.1335954092,,2021-05-14,0.021965007082000002
2021-05-17,0.06108962337,,2021-05-17,0.01895088315
2021-05-18,-0.0593370522,,2021-05-18,0.015936759218
2021-05-19,0.0491218704,,2021-05-19,0.012922635286000003
2021-05-20,-0.0788657023,,2021-05-20,0.009908511354000005
2021-05-21,-0.003705631771,,2021-05-21,0.006894387421999999
2021-05-24,-0.04221134148,,2021-05-24,0.0038802634900000008
2021-05-25,0.02243232408,,2021-05-25,0.0008661395580000023
2021-05-26,-0.1007474139,,2021-05-26,-0.0021479843739999963
2021-05-27,-0.009464079875,,2021-05-27,-0.005162108305999995
2021-05-28,-0.01251836544,,2021-05-28,-0.008176232238
2021-06-01,-0.09564031199,-0.01119035617,2021-06-01,-0.01119035617
2021-06-02,-0.02919321941,,2021-06-02,-0.010170934832857144
2021-06-03,0.06554635706,,2021-06-03,-0.009151513495714286
2021-06-04,-0.01517167212,,2021-06-04,-0.008132092158571429
2021-06-07,-0.03775558578,,2021-06-07,-0.007112670821428572
2021-06-08,0.006309060584,,2021-06-08,-0.006093249484285714
2021-06-09,0.06835027532,,2021-06-09,-0.005073828147142858
2021-06-10,0.07520994839,,2021-06-10,-0.00405440681
2021-06-11,-0.06274146081,,2021-06-11,-0.003034985472857143
2021-06-14,-0.005207835624,,2021-06-14,-0.0020155641357142862
2021-06-15,0.05648325608,,2021-06-15,-0.000996142798571428
2021-06-16,0.007010284648,,2021-06-16,2.3278538571428614e-05
2021-06-17,0.04136048383,,2021-06-17,0.0010426998757142852
2021-06-18,0.1056051265,,2021-06-18,0.0020621212128571435
2021-06-21,-0.0665478263,,2021-06-21,0.00308154255
2021-06-22,-0.1114134524,,2021-06-22,0.004100963887142858
2021-06-23,0.01011444808,,2021-06-23,0.005120385224285715
2021-06-24,0.07476006963,,2021-06-24,0.006139806561428573
2021-06-25,-0.06805003015,,2021-06-25,0.007159227898571428
2021-06-28,0.05638252236,,2021-06-28,0.008178649235714286
2021-06-29,-0.004405877838,,2021-06-29,0.009198070572857145
2021-06-30,0.08322170227,0.01021749191,2021-06-30,0.01021749191
2021-07-01,-0.1234310833,,2021-07-01,0.013766836596818181
2021-07-02,-0.06234145991,,2021-07-02,0.017316181283636364
2021-07-05,-0.1379025093,,2021-07-05,0.020865525970454546
2021-07-06,0.06359329645,,2021-07-06,0.024414870657272728
2021-07-07,-0.03745436261,,2021-07-07,0.02796421534409091
2021-07-08,0.1589832411,,2021-07-08,0.03151356003090909
2021-07-09,-0.1284892853,,2021-07-09,0.03506290471772727
2021-07-12,0.006710039477,,2021-07-12,0.038612249404545454
2021-07-13,-0.01547289529,,2021-07-13,0.042161594091363636
2021-07-14,0.08853027162,,2021-07-14,0.04571093877818182
2021-07-15,0.1245323082,,2021-07-15,0.049260283465
2021-07-16,0.01717558859,,2021-07-16,0.05280962815181818
2021-07-19,0.2634362868,,2021-07-19,0.05635897283863636
2021-07-20,-0.08943100713,,2021-07-20,0.059908317525454544
2021-07-21,-0.211560376,,2021-07-21,0.06345766221227273
2021-07-22,-0.06774978498,,2021-07-22,0.0670070068990909
2021-07-23,-0.1032012091,,2021-07-23,0.07055635158590909
2021-07-26,-0.02493599717,,2021-07-26,0.07410569627272727
2021-07-27,0.02814089432,,2021-07-27,0.07765504095954545
2021-07-28,-0.064845133,,2021-07-28,0.08120438564636363
2021-07-29,-0.02203232318,,2021-07-29,0.08475373033318181
2021-07-30,0.05092431943,0.08830307502,2021-07-30,0.08830307502
2021-08-02,-0.1301401448,,2021-08-02,0.08407163104217143
2021-08-03,-0.04055950404,,2021-08-03,0.07984018706434286
2021-08-04,-0.02904260783,,2021-08-04,0.07560874308651429
2021-08-05,-0.07931655905,,2021-08-05,0.0713772991086857
2021-08-06,0.02498685303,,2021-08-06,0.06714585513085713
2021-08-09,0.001401470131,,2021-08-09,0.06291441115302857
2021-08-10,-0.05943680793,,2021-08-10,0.058682967175199996
2021-08-11,-0.0924862707,,2021-08-11,0.054451523197371426
2021-08-12,0.005007346177,,2021-08-12,0.05022007921954286
2021-08-13,-0.02088024236,,2021-08-13,0.04598863524171429
2021-08-16,0.03795607522,,2021-08-16,0.04175719126388571
2021-08-17,0.009613713462,,2021-08-17,0.03752574728605714
2021-08-18,-0.07155517248,,2021-08-18,0.03329430330822857
2021-08-19,0.1149185948,,2021-08-19,0.029062859330399995
2021-08-20,-0.07210578496,,2021-08-20,0.024831415352571426
2021-08-23,0.005207835624,,2021-08-23,0.020599971374742856
2021-08-24,-0.07285688688,,2021-08-24,0.016368527396914287
2021-08-25,-0.05027395122,,2021-08-25,0.012137083419085717
2021-08-26,0.017024977,,2021-08-26,0.007905639441257148
2021-08-27,-0.05372823769,,2021-08-27,0.0036741954634285784
2021-08-31,-0.02128122125,-0.0005572485144,2021-08-31,-0.0005572485144
2021-09-01,-0.0744099466,,2021-09-01,0.0006296597394363636
2021-09-02,0.01226799813,,2021-09-02,0.0018165679932727271
2021-09-03,0.01587387418,,2021-09-03,0.0030034762471090907
2021-09-06,-0.02693991363,,2021-09-06,0.0041903845009454545
2021-09-07,0.07556104942,,2021-09-07,0.005377292754781818
2021-09-08,0.1244824304,,2021-09-08,0.006564201008618181
2021-09-09,0.02453599627,,2021-09-09,0.007751109262454545
2021-09-10,0.03319909636,,2021-09-10,0.008938017516290909
2021-09-13,-0.02108073181,,2021-09-13,0.010124925770127273
2021-09-14,0.04426415781,,2021-09-14,0.011311834023963636
2021-09-15,0.1274369602,,2021-09-15,0.0124987422778
2021-09-16,-0.1001469235,,2021-09-16,0.013685650531636362
2021-09-17,-0.01306897792,,2021-09-17,0.014872558785472726
2021-09-20,0.1287895305,,2021-09-20,0.016059467039309088
2021-09-21,-0.1050046361,,2021-09-21,0.017246375293145454
2021-09-22,-0.08667696673,,2021-09-22,0.018433283546981816
2021-09-23,-0.02288318083,,2021-09-23,0.019620191800818178
2021-09-24,0.110861862,,2021-09-24,0.020807100054654543
2021-09-27,0.0001007337219,,2021-09-27,0.021994008308490905
2021-09-28,0.2401022492,,2021-09-28,0.02318091656232727
2021-09-29,-0.01096628373,,2021-09-29,0.024367824816163633
2021-09-30,0.05993754255,0.02555473307,2021-09-30,0.02555473307
2021-10-01,0.02779077128,,2021-10-01,0.025806064213636362
2021-10-04,0.1606859344,,2021-10-04,0.026057395357272726
2021-10-05,-0.03795509723,,2021-10-05,0.02630872650090909
2021-10-06,0.1723025864,,2021-10-06,0.026560057644545453
2021-10-07,-0.08642659942,,2021-10-07,0.026811388788181817
2021-10-08,0.01151689621,,2021-10-08,0.02706271993181818
2021-10-11,0.02438538469,,2021-10-11,0.027314051075454544
2021-10-12,0.009313468291,,2021-10-12,0.027565382219090908
2021-10-13,-0.08332243599,,2021-10-13,0.02781671336272727
2021-10-14,-0.1127151669,,2021-10-14,0.028068044506363635
2021-10-15,-0.06199035888,,2021-10-15,0.02831937565
2021-10-18,0.007761386575,,2021-10-18,0.028570706793636363
2021-10-19,-0.04276293196,,2021-10-19,0.028822037937272726
2021-10-20,0.04376440119,,2021-10-20,0.02907336908090909
2021-10-21,0.02483624144,,2021-10-21,0.029324700224545454
2021-10-22,-0.00731052982,,2021-10-22,0.029576031368181818
2021-10-25,-0.005058202037,,2021-10-25,0.02982736251181818
2021-10-26,-0.1099112486,,2021-10-26,0.030078693655454545
2021-10-27,-0.005357469211,,2021-10-27,0.03033002479909091
2021-10-28,-0.01397069143,,2021-10-28,0.030581355942727272
2021-10-29,0.04671893103,,2021-10-29,0.030832687086363636
2021-11-01,-0.05237664542,0.03108401823,2021-11-01,0.03108401823
2021-11-02,0.03565191358,,2021-11-02,0.031174999654761903
2021-11-03,0.01151689621,,2021-11-03,0.03126598107952381
2021-11-04,-0.1773099325,,2021-11-04,0.03135696250428571
2021-11-05,-0.06294292825,,2021-11-05,0.031447943929047616
2021-11-08,0.02849199535,,2021-11-08,0.031538925353809526
2021-11-09,0.08652733315,,2021-11-09,0.03162990677857143
2021-11-10,-0.03314921849,,2021-11-10,0.03172088820333333
2021-11-11,-0.07050284738,,2021-11-11,0.031811869628095235
2021-11-12,0.008311999055,,2021-11-12,0.03190285105285714
2021-11-15,-0.0320968934,,2021-11-15,0.03199383247761905
2021-11-16,0.04101036079,,2021-11-16,0.03208481390238095
2021-11-17,0.05287738003,,2021-11-17,0.032175795327142855
2021-11-18,-0.07035321379,,2021-11-18,0.03226677675190476
2021-11-19,0.04111011652,,2021-11-19,0.03235775817666667
2021-11-22,0.03144652519,,2021-11-22,0.03244873960142857
2021-11-23,0.1042026784,,2021-11-23,0.032539721026190474
2021-11-24,0.02729003667,,2021-11-24,0.03263070245095238
2021-11-25,-0.05653313394,,2021-11-25,0.03272168387571428
2021-11-26,0.3715949642,,2021-11-26,0.03281266530047619
2021-11-29,-0.1093606361,,2021-11-29,0.032903646725238093
2021-11-30,0.118474593,0.03299462815,2021-11-30,0.03299462815
2021-12-01,-0.1967887048,,2021-12-01,0.03225198439904762
2021-12-02,0.114116637,,2021-12-02,0.031509340648095234
2021-12-03,0.01937901651,,2021-12-03,0.030766696897142856
2021-12-06,-0.1177733689,,2021-12-06,0.030024053146190475
2021-12-07,-0.1787114027,,2021-12-07,0.029281409395238094
2021-12-08,0.004155510529,,2021-12-08,0.028538765644285712
2021-12-09,0.04101036079,,2021-12-09,0.02779612189333333
2021-12-10,0.1103122275,,2021-12-10,0.02705347814238095
2021-12-13,0.1404560603,,2021-12-13,0.02631083439142857
2021-12-14,0.04832089061,,2021-12-14,0.02556819064047619
2021-12-15,0.05848521655,,2021-12-15,0.024825546889523806
2021-12-16,-0.1072070861,,2021-12-16,0.024082903138571428
2021-12-17,-0.06629745899,,2021-12-17,0.023340259387619047
2021-12-20,0.1154193294,,2021-12-20,0.022597615636666665
2021-12-21,-0.1353988362,,2021-12-21,0.021854971885714287
2021-12-22,-0.1304413679,,2021-12-22,0.021112328134761903
2021-12-23,-0.0931366389,,2021-12-23,0.020369684383809525
2021-12-24,-0.001802449024,,2021-12-24,0.019627040632857144
2021-12-29,-0.1236315727,,2021-12-29,0.018884396881904762
2021-12-30,-0.01116579518,,2021-12-30,0.01814175313095238
2021-12-31,0.02944260873,0.01739910938,2021-12-31,0.01739910938
2022-01-04,-0.2082547451,,2022-01-04,0.01687264551535
2022-01-05,0.06284219453,,2022-01-05,0.0163461816507
2022-01-06,0.1774096883,,2022-01-06,0.01581971778605
2022-01-07,0.03184652609,,2022-01-07,0.0152932539214
2022-01-10,0.1760082181,,2022-01-10,0.014766790056749999
2022-01-11,-0.01321861151,,2022-01-11,0.0142403261921
2022-01-12,-0.009513957737,,2022-01-12,0.01371386232745
2022-01-13,0.0444147694,,2022-01-13,0.0131873984628
2022-01-14,0.1077078207,,2022-01-14,0.01266093459815
2022-01-17,-0.0641937868,,2022-01-17,0.0121344707335
2022-01-18,0.1096110034,,2022-01-18,0.01160800686885
2022-01-19,-0.00115208082,,2022-01-19,0.0110815430042
2022-01-20,-0.03004407706,,2022-01-20,0.01055507913955
2022-01-21,0.2262322915,,2022-01-21,0.0100286152749
2022-01-24,0.4059451634,,2022-01-24,0.009502151410250001
2022-01-25,-0.09674153695,,2022-01-25,0.0089756875456
2022-01-26,-0.1138672477,,2022-01-26,0.00844922368095
2022-01-27,0.009263590428,,2022-01-27,0.007922759816300001
2022-01-28,0.1058046379,,2022-01-28,0.007396295951650001
2022-01-31,-0.1418575304,0.006869832087,2022-01-31,0.006869832087
2022-02-01,-0.1208276545,,2022-02-01,0.00671049220595
2022-02-02,-0.04080987135,,2022-02-02,0.0065511523249
2022-02-03,0.1410066728,,2022-02-03,0.00639181244385
2022-02-04,0.1280883064,,2022-02-04,0.0062324725628
2022-02-07,-0.04271305409,,2022-02-07,0.00607313268175
2022-02-08,0.004907590453,,2022-02-08,0.0059137928007
2022-02-09,-0.1985412759,,2022-02-09,0.00575445291965
2022-02-10,-0.0119178751,,2022-02-10,0.0055951130386000004
2022-02-11,0.07966766008,,2022-02-11,0.0054357731575500005
2022-02-14,0.2157158865,,2022-02-14,0.0052764332765000005
2022-02-15,-0.1174721457,,2022-02-15,0.00511709339545
2022-02-16,0.01181714138,,2022-02-16,0.0049577535144
2022-02-17,0.135849693,,2022-02-17,0.00479841363335
2022-02-18,0.09764325046,,2022-02-18,0.0046390737523
2022-02-21,0.1328951631,,2022-02-21,0.00447973387125
2022-02-22,0.05202554439,,2022-02-22,0.0043203939902
2022-02-23,0.07601190617,,2022-02-23,0.00416105410915
2022-02-24,0.2939810985,,2022-02-24,0.0040017142281
2022-02-25,-0.3266794602,,2022-02-25,0.00384237434705
2022-02-28,-0.08727745708,0.003683034466,2022-02-28,0.003683034466
2022-03-01,0.2906764456,,2022-03-01,0.004449731551391304
2022-03-02,-0.1378027536,,2022-03-02,0.005216428636782608
2022-03-03,0.3485621498,,2022-03-03,0.005983125722173912
2022-03-04,0.3465083555,,2022-03-04,0.006749822807565217
2022-03-07,0.1091092908,,2022-03-07,0.007516519892956521
2022-03-08,-0.02393452793,,2022-03-08,0.008283216978347826
2022-03-09,-0.4264254049,,2022-03-09,0.00904991406373913
2022-03-10,0.05688325698,,2022-03-10,0.009816611149130433
2022-03-11,-0.1256843891,,2022-03-11,0.010583308234521738
2022-03-14,-0.1325450401,,2022-03-14,0.011350005319913044
2022-03-15,0.1069576967,,2022-03-15,0.012116702405304346
2022-03-16,-0.3243762766,,2022-03-16,0.012883399490695651
2022-03-17,-0.03515117897,,2022-03-17,0.013650096576086956
2022-03-18,-0.09058308795,,2022-03-18,0.014416793661478258
2022-03-21,0.07511019266,,2022-03-21,0.015183490746869564
2022-03-22,-0.05307786948,,2022-03-22,0.01595018783226087
2022-03-23,0.05558154257,,2022-03-23,0.01671688491765217
2022-03-24,0.05427982816,,2022-03-24,0.017483582003043476
2022-03-25,-0.03154628092,,2022-03-25,0.01825027908843478
2022-03-28,-0.0569839907,,2022-03-28,0.019016976173826087
2022-03-29,-0.2113100087,,2022-03-29,0.01978367325921739
2022-03-30,0.1099112486,,2022-03-30,0.020550370344608694
2022-03-31,0.05628276663,0.02131706743,2022-03-31,0.02131706743
2022-04-01,-0.02899272997,,2022-04-01,0.018417792930526315
2022-04-04,-0.05603239933,,2022-04-04,0.015518518431052633
2022-04-05,-0.01356971254,,2022-04-05,0.012619243931578948
2022-04-06,0.1283386737,,2022-04-06,0.009719969432105265
2022-04-07,0.03149542506,,2022-04-07,0.006820694932631582
2022-04-08,-0.06835027532,,2022-04-08,0.003921420433157897
2022-04-11,0.02964407617,,2022-04-11,0.0010221459336842154
2022-04-12,0.05282750217,,2022-04-12,-0.0018771285657894696
2022-04-13,0.01256824331,,2022-04-13,-0.0047764030652631545
2022-04-14,-0.06865052049,,2022-04-14,-0.007675677564736836
2022-04-19,0.07981729367,,2022-04-19,-0.010574952064210521
2022-04-20,-0.06098986764,,2022-04-20,-0.013474226563684206
2022-04-21,-0.03790521936,,2022-04-21,-0.01637350106315789
2022-04-22,0.1391533679,,2022-04-22,-0.01927277556263157
2022-04-25,0.1415083854,,2022-04-25,-0.022172050062105254
2022-04-26,0.05362848196,,2022-04-26,-0.02507132456157894
2022-04-27,0.02718930295,,2022-04-27,-0.027970599061052624
2022-04-28,-0.09103296671,,2022-04-28,-0.03086987356052631
2022-04-29,-0.04461525884,-0.03376914806,2022-04-29,-0.03376914806
2022-05-03,0.09408725228,,2022-05-03,-0.0312043160847619
2022-05-04,0.1508717315,,2022-05-04,-0.028639484109523806
2022-05-05,0.064845133,,2022-05-05,-0.02607465213428571
2022-05-06,0.1353489584,,2022-05-06,-0.023509820159047616
2022-05-09,0.2568768589,,2022-05-09,-0.02094498818380952
2022-05-10,-0.03920791177,,2022-05-10,-0.01838015620857143
2022-05-11,-0.1312922256,,2022-05-11,-0.015815324233333334
2022-05-12,0.08327158013,,2022-05-12,-0.013250492258095239
2022-05-13,-0.2208239664,,2022-05-13,-0.010685660282857144
2022-05-16,-0.00110122496,,2022-05-16,-0.008120828307619048
2022-05-17,-0.07085394841,,2022-05-17,-0.005555996332380953
2022-05-18,0.05818497138,,2022-05-18,-0.0029911643571428614
2022-05-19,0.1303914901,,2022-05-19,-0.00042633238190476624
2022-05-20,-0.07360798881,,2022-05-20,0.002138499593333329
2022-05-23,-0.1553274872,,2022-05-23,0.004703331568571424
2022-05-24,0.1484169583,,2022-05-24,0.007268163543809519
2022-05-25,-0.04216146362,,2022-05-25,0.009832995519047615
2022-05-26,-0.157580793,,2022-05-26,0.01239782749428571
2022-05-27,-0.06199133688,,2022-05-27,0.014962659469523805
2022-05-30,-0.08732831293,,2022-05-30,0.0175274914447619
2022-05-31,0.06454488783,0.02009232342,2022-05-31,0.02009232342
2022-06-01,0.07265639744,,2022-06-01,0.019035580195399998
2022-06-06,-0.1171220227,,2022-06-06,0.017978836970799997
2022-06-07,0.05377909355,,2022-06-07,0.016922093746199997
2022-06-08,0.04426513581,,2022-06-08,0.0158653505216
2022-06-09,0.1189743496,,2022-06-09,0.014808607296999999
2022-06-10,0.200343725,,2022-06-10,0.013751864072399998
2022-06-13,0.2569277148,,2022-06-13,0.012695120847799998
2022-06-14,0.05768423677,,2022-06-14,0.011638377623199999
2022-06-15,-0.1356990814,,2022-06-15,0.010581634398599998
2022-06-16,0.2946823225,,2022-06-16,0.009524891173999999
2022-06-17,-0.09934594376,,2022-06-17,0.008468147949399998
2022-06-20,-0.04251256465,,2022-06-20,0.007411404724799998
2022-06-21,0.03089591271,,2022-06-21,0.006354661500199999
2022-06-22,0.02899272997,,2022-06-22,0.005297918275599998
2022-06-23,0.09924521004,,2022-06-23,0.004241175050999999
2022-06-24,-0.2156660087,,2022-06-24,0.0031844318263999985
2022-06-27,-0.09779386205,,2022-06-27,0.002127688601799998
2022-06-28,-0.01617411935,,2022-06-28,0.0010709453771999972
2022-06-29,0.156479568,,2022-06-29,1.4202152599999962e-05
2022-06-30,0.1862732778,-0.001042541072,2022-06-30,-0.001042541072
2022-07-01,0.01492228281,,2022-07-01,0.0006293458794545453
2022-07-04,0.02203232318,,2022-07-04,0.002301232830909091
2022-07-05,0.1390536121,,2022-07-05,0.003973119782363636
2022-07-06,-0.1398047141,,2022-07-06,0.005645006733818182
2022-07-07,-0.1407064276,,2022-07-07,0.007316893685272726
2022-07-08,-0.01877754817,,2022-07-08,0.008988780636727272
2022-07-11,0.03805583095,,2022-07-11,0.010660667588181818
2022-07-12,-0.009013223119,,2022-07-12,0.012332554539636362
2022-07-13,0.07190529551,,2022-07-13,0.014004441491090907
2022-07-14,0.1155200631,,2022-07-14,0.01567632844254545
2022-07-15,-0.1768101759,,2022-07-15,0.017348215394
2022-07-18,-0.09083247726,,2022-07-18,0.019020102345454544
2022-07-19,-0.1338966324,,2022-07-19,0.02069198929690909
2022-07-20,-0.058686684,,2022-07-20,0.022363876248363636
2022-07-21,-0.1549265083,,2022-07-21,0.02403576319981818
2022-07-22,-0.05788570421,,2022-07-22,0.025707650151272726
2022-07-25,0.01091640587,,2022-07-25,0.02737953710272727
2022-07-26,0.1172716563,,2022-07-26,0.029051424054181815
2022-07-27,-0.03520105683,,2022-07-27,0.03072331100563636
2022-07-28,-0.1082085553,,2022-07-28,0.03239519795709091
2022-07-29,-0.1550780979,,2022-07-29,0.03406708490854546
2022-08-01,0.04291354354,0.03573897186,2022-08-01,0.03573897186
2022-08-02,0.1027004745,,2022-08-02,0.031232952400000003
2022-08-03,-0.07245688599,,2022-08-03,0.026726932940000003
2022-08-04,-0.06860064263,,2022-08-04,0.022220913480000003
2022-08-05,0.05222701183,,2022-08-05,0.017714894020000004
2022-08-08,-0.03349934153,,2022-08-08,0.013208874560000004
2022-08-09,0.1031513313,,2022-08-09,0.008702855100000004
2022-08-10,-0.193083073,,2022-08-10,0.00419683564
2022-08-11,0.02633844529,,2022-08-11,-0.00030918381999999606
2022-08-12,-0.04686856462,,2022-08-12,-0.0048152032799999925
2022-08-15,-0.02193256746,,2022-08-15,-0.009321222739999996
2022-08-16,0.02323428186,,2022-08-16,-0.0138272422
2022-08-17,0.1549274863,,2022-08-17,-0.018333261659999996
2022-08-18,-0.05493019637,,2022-08-18,-0.022839281119999992
2022-08-19,0.124632064,,2022-08-19,-0.027345300580000002
2022-08-22,0.194535399,,2022-08-22,-0.03185132004
2022-08-23,0.09634153605,,2022-08-23,-0.036357339499999995
2022-08-24,0.0008518356486,,2022-08-24,-0.04086335895999999
2022-08-25,0.02368416062,,2022-08-25,-0.04536937841999999
2022-08-26,0.04416538008,,2022-08-26,-0.04987539788
2022-08-30,0.01001469235,,2022-08-30,-0.054381417339999995
2022-08-31,0.04301232127,-0.0588874368,2022-08-31,-0.0588874368
2022-09-01,0.285469588,,2022-09-01,-0.055194016629999995
2022-09-02,-0.1800140951,,2022-09-02,-0.05150059646
2022-09-05,0.1119141871,,2022-09-05,-0.04780717629
2022-09-06,-0.09569116785,,2022-09-06,-0.04411375612
2022-09-07,0.004657223144,,2022-09-07,-0.04042033595
2022-09-08,-0.03344946366,,2022-09-08,-0.03672691578
2022-09-09,-0.1550771199,,2022-09-09,-0.033033495610000005
2022-09-12,-0.1631896075,,2022-09-12,-0.029340075440000002
2022-09-13,0.1736052788,,2022-09-13,-0.02564665527
2022-09-14,0.1592336084,,2022-09-14,-0.021953235100000003
2022-09-15,-0.01857803672,,2022-09-15,-0.018259814930000007
2022-09-16,0.0446661147,,2022-09-16,-0.014566394760000004
2022-09-20,0.1346976122,,2022-09-20,-0.01087297459
2022-09-21,-0.09343688407,,2022-09-21,-0.007179554420000005
2022-09-22,0.1917813586,,2022-09-22,-0.0034861342500000086
2022-09-23,0.1797637278,,2022-09-23,0.00020728591999999435
2022-09-26,0.1251327986,,2022-09-26,0.0039007060899999974
2022-09-27,0.2096581712,,2022-09-27,0.00759412626
2022-09-28,-0.008462610639,,2022-09-28,0.01128754642999999
2022-09-29,0.2656895926,,2022-09-29,0.014980966599999992
2022-09-30,-0.1892278076,0.01867438677,2022-09-30,0.01867438677
2022-10-03,-0.05838546083,,2022-10-03,0.01787377077228571
2022-10-04,-0.2690441233,,2022-10-04,0.017073154774571428
2022-10-05,0.1300902669,,2022-10-05,0.01627253877685714
2022-10-06,-0.03515117897,,2022-10-06,0.015471922779142857
2022-10-07,0.1398545919,,2022-10-07,0.01467130678142857
2022-10-10,0.1141674928,,2022-10-10,0.013870690783714284
2022-10-11,0.1107630842,,2022-10-11,0.013070074785999999
2022-10-12,0.1466653651,,2022-10-12,0.012269458788285713
2022-10-13,-0.1592844643,,2022-10-13,0.011468842790571428
2022-10-14,-0.05182603294,,2022-10-14,0.010668226792857142
2022-10-17,-0.2353452703,,2022-10-17,0.009867610795142857
2022-10-18,-0.01326946737,,2022-10-18,0.00906699479742857
2022-10-19,0.1410575286,,2022-10-19,0.008266378799714284
2022-10-20,-0.07075419269,,2022-10-20,0.0074657628019999984
2022-10-21,0.09128431201,,2022-10-21,0.006665146804285713
2022-10-24,-0.06559623492,,2022-10-24,0.0058645308065714274
2022-10-25,-0.2473629012,,2022-10-25,0.005063914808857142
2022-10-26,-0.1373518968,,2022-10-26,0.0042632988111428564
2022-10-27,0.01201763083,,2022-10-27,0.003462682813428571
2022-10-28,0.08272194565,,2022-10-28,0.0026620668157142854
2022-10-31,0.01341910096,0.001861450818,2022-10-31,0.001861450818
2022-11-01,-0.153224793,,2022-11-01,0.0014841232426363636
2022-11-02,-0.01096628373,,2022-11-02,0.0011067956672727274
2022-11-03,0.05418007244,,2022-11-03,0.0007294680919090908
2022-11-04,-0.1161704313,,2022-11-04,0.00035214051654545455
2022-11-07,-0.1091601467,,2022-11-07,-2.5187058818181745e-05
2022-11-08,-0.06925198883,,2022-11-08,-0.00040251463418181825
2022-11-09,0.02448611841,,2022-11-09,-0.0007798422095454545
2022-11-10,-0.3646345574,,2022-11-10,-0.0011571697849090908
2022-11-11,-0.1196755736,,2022-11-11,-0.0015344973602727271
2022-11-14,-0.003055263566,,2022-11-14,-0.0019118249356363634
2022-11-15,0.08332243599,,2022-11-15,-0.002289152511
2022-11-16,0.1720023412,,2022-11-16,-0.0026664800863636364
2022-11-17,-0.004957468315,,2022-11-17,-0.0030438076617272727
2022-11-18,-0.08051753974,,2022-11-18,-0.003421135237090909
2022-11-21,-0.06524611189,,2022-11-21,-0.0037984628124545453
2022-11-22,-0.00450661156,,2022-11-22,-0.004175790387818182
2022-11-23,-0.03910717805,,2022-11-23,-0.004553117963181818
2022-11-24,-0.01992962899,,2022-11-24,-0.004930445538545454
2022-11-25,-0.002703184538,,2022-11-25,-0.0053077731139090905
2022-11-28,0.1268354919,,2022-11-28,-0.005685100689272727
2022-11-29,0.0531786032,,2022-11-29,-0.006062428264636363
2022-11-30,0.01146604035,-0.00643975584,2022-11-30,-0.00643975584
2022-12-01,-0.1232305938,,2022-12-01,-0.005946967958263158
2022-12-02,0.02308367028,,2022-12-02,-0.005454180076526316
2022-12-05,0.01687534342,,2022-12-05,-0.004961392194789474
2022-12-06,0.1149185948,,2022-12-06,-0.004468604313052632
2022-12-07,0.08487451771,,2022-12-07,-0.00397581643131579
2022-12-08,0.05337811465,,2022-12-08,-0.0034830285495789474
2022-12-09,-0.04606758483,,2022-12-09,-0.0029902406678421053
2022-12-12,0.04837076847,,2022-12-12,-0.002497452786105263
2022-12-13,-0.1336462651,,2022-12-13,-0.002004664904368421
2022-12-14,0.0242357511,,2022-12-14,-0.001511877022631579
2022-12-15,0.07215566282,,2022-12-15,-0.0010190891408947368
2022-12-16,0.15287467,,2022-12-16,-0.0005263012591578946
2022-12-19,-0.03029444437,,2022-12-19,-3.3513377421052516e-05
2022-12-20,0.05217615597,,2022-12-20,0.0004592745043157896
2022-12-21,-0.1596834872,,2022-12-21,0.0009520623860526317
2022-12-22,0.05087444156,,2022-12-22,0.0014448502677894739
2022-12-23,-0.03404995401,,2022-12-23,0.0019376381495263151
2022-12-28,-0.02774089342,,2022-12-28,0.002430426031263158
2022-12-29,-0.05558154257,0.002923213913,2022-12-29,0.002923213913
2022-12-30,0.07185541765,,2022-12-30,0.0023660936452173913
2023-01-03,-0.1408570392,,2023-01-03,0.0018089733774347824
2023-01-04,-0.128588063,,2023-01-04,0.0012518531096521737
2023-01-05,-0.03620350406,,2023-01-05,0.0006947328418695649
2023-01-06,-0.02067975291,,2023-01-06,0.000137612574086956
2023-01-09,0.01266799903,,2023-01-09,-0.0004195076936956525
2023-01-10,0.04426513581,,2023-01-10,-0.000976627961478261
2023-01-11,-0.06544562334,,2023-01-11,-0.00153374822926087
2023-01-12,-0.1599348325,,2023-01-12,-0.002090868497043479
2023-01-13,-0.0559326436,,2023-01-13,-0.002647988764826088
2023-01-16,-0.064845133,,2023-01-16,-0.003205109032608696
2023-01-17,0.06724905036,,2023-01-17,-0.003762229300391305
2023-01-18,0.02859175107,,2023-01-18,-0.004319349568173914
2023-01-19,0.1586331181,,2023-01-19,-0.004876469835956522
2023-01-20,-0.06434439838,,2023-01-20,-0.005433590103739132
2023-01-23,-0.04962260502,,2023-01-23,-0.00599071037152174
2023-01-24,-0.02684015791,,2023-01-24,-0.006547830639304348
2023-01-25,0.02568807709,,2023-01-25,-0.007104950907086958
2023-01-26,-0.05583190988,,2023-01-26,-0.007662071174869566
2023-01-27,-0.06003827627,,2023-01-27,-0.008219191442652176
2023-01-30,0.04917272626,,2023-01-30,-0.008776311710434784
2023-01-31,0.04191109631,,2023-01-31,-0.009333431978217392
2023-02-01,-0.0225330578,-0.009890552246,2023-02-01,-0.009890552246
2023-02-02,-0.358625742,,2023-02-02,-0.009012374440526317
2023-02-03,0.0106151827,,2023-02-03,-0.008134196635052632
2023-02-06,0.09218504753,,2023-02-06,-0.007256018829578948
2023-02-07,0.1103621054,,2023-02-07,-0.006377841024105263
2023-02-08,-0.05748472532,,2023-02-08,-0.005499663218631579
2023-02-09,0.01326946737,,2023-02-09,-0.004621485413157895
2023-02-10,0.1237821843,,2023-02-10,-0.0037433076076842106
2023-02-13,-0.04726954351,,2023-02-13,-0.0028651298022105264
2023-02-14,0.05322848107,,2023-02-14,-0.0019869519967368413
2023-02-15,-0.07731362058,,2023-02-15,-0.001108774191263158
2023-02-16,-0.004456733697,,2023-02-16,-0.0002305963857894746
2023-02-17,0.04636783,,2023-02-17,0.0006475814196842105
2023-02-20,-0.004756978869,,2023-02-20,0.0015257592251578956
2023-02-21,0.1239318179,,2023-02-21,0.002403937030631579
2023-02-22,0.08542513019,,2023-02-22,0.0032821148361052623
2023-02-23,-0.05518056368,,2023-02-23,0.004160292641578947
2023-02-24,0.04706905407,,2023-02-24,0.0050384704470526325
2023-02-27,-0.09493908793,,2023-02-27,0.005916648252526318
2023-02-28,-0.008613222224,0.006794826058,2023-02-28,0.006794826058
2023-03-01,0.0163746088,,2023-03-01,0.006802197236434783
2023-03-02,0.009464079875,,2023-03-02,0.006809568414869565
2023-03-03,-0.03710521757,,2023-03-03,0.006816939593304348
2023-03-06,-0.06925101084,,2023-03-06,0.00682431077173913
2023-03-07,0.05382897141,,2023-03-07,0.006831681950173913
2023-03-08,0.05237664542,,2023-03-08,0.006839053128608696
2023-03-09,0.07966668208,,2023-03-09,0.006846424307043479
2023-03-10,0.1679465864,,2023-03-10,0.006853795485478261
2023-03-13,0.2665913061,,2023-03-13,0.006861166663913044
2023-03-14,-0.152523569,,2023-03-14,0.006868537842347826
2023-03-15,0.2522695136,,2023-03-15,0.006875909020782609
2023-03-16,-0.06644709258,,2023-03-16,0.006883280199217391
2023-03-17,0.1441108362,,2023-03-17,0.006890651377652174
2023-03-20,-0.01216726441,,2023-03-20,0.006898022556086956
2023-03-21,-0.1422086314,,2023-03-21,0.006905393734521739
2023-03-22,0.01066506056,,2023-03-22,0.006912764912956521
2023-03-23,0.01392081357,,2023-03-23,0.006920136091391304
2023-03-24,0.1182731255,,2023-03-24,0.006927507269826087
2023-03-27,-0.01792571252,,2023-03-27,0.00693487844826087
2023-03-28,0.0665478263,,2023-03-28,0.006942249626695652
2023-03-29,-0.1182242256,,2023-03-29,0.006949620805130435
2023-03-30,-0.137651164,,2023-03-30,0.006956991983565217
2023-03-31,-0.01031591552,0.006964363162,2023-03-31,0.006964363162
2023-04-03,0.02448611841,,2023-04-03,0.00805669571911111
2023-04-04,0.03224750498,,2023-04-04,0.009149028276222222
2023-04-05,0.1069567188,,2023-04-05,0.010241360833333333
2023-04-06,-0.09794349563,,2023-04-06,0.011333693390444443
2023-04-11,-0.07966668208,,2023-04-11,0.012426025947555555
2023-04-12,-0.02333403759,,2023-04-12,0.013518358504666666
2023-04-13,-0.03374970884,,2023-04-13,0.014610691061777776
2023-04-14,-0.08642659942,,2023-04-14,0.015703023618888888
2023-04-17,-0.0221330569,,2023-04-17,0.016795356175999997
2023-04-18,-0.004707101006,,2023-04-18,0.017887688733111112
2023-04-19,0.04777027813,,2023-04-19,0.01898002129022222
2023-04-20,0.03254775015,,2023-04-20,0.02007235384733333
2023-04-21,-0.06714831664,,2023-04-21,0.021164686404444445
2023-04-24,0.02158146643,,2023-04-24,0.022257018961555554
2023-04-25,0.005758448104,,2023-04-25,0.023349351518666663
2023-04-26,0.003705631771,,2023-04-26,0.024441684075777778
2023-04-27,-0.02002938471,,2023-04-27,0.025534016632888887
2023-04-28,-0.0886799052,0.02662634919,2023-04-28,0.02662634919
2023-05-02,0.05553166471,,2023-05-02,0.025567919479949998
2023-05-03,-0.02573795495,,2023-05-03,0.0245094897699
2023-05-04,0.06043827716,,2023-05-04,0.02345106005985
2023-05-05,-0.103952311,,2023-05-05,0.022392630349799998
2023-05-09,0.08787892541,,2023-05-09,0.02133420063975
2023-05-10,0.001852326887,,2023-05-10,0.0202757709297
2023-05-11,0.003505142324,,2023-05-11,0.01921734121965
2023-05-12,0.03900742232,,2023-05-12,0.0181589115096
2023-05-15,-0.03525191269,,2023-05-15,0.01710048179955
2023-05-16,-0.006959428789,,2023-05-16,0.0160420520895
2023-05-17,0.02864162894,,2023-05-17,0.01498362237945
2023-05-18,-0.04146121755,,2023-05-18,0.0139251926694
2023-05-19,0.004607345282,,2023-05-19,0.012866762959349999
2023-05-22,0.007911020162,,2023-05-22,0.0118083332493
2023-05-23,0.03254775015,,2023-05-23,0.01074990353925
2023-05-24,0.138754345,,2023-05-24,0.0096914738292
2023-05-25,0.04526562705,,2023-05-25,0.008633044119149998
2023-05-26,0.02338489345,,2023-05-26,0.007574614409100001
2023-05-30,-0.006660161615,,2023-05-30,0.00651618469905
2023-05-31,0.0423120752,0.005457754989,2023-05-31,0.005457754989
2023-06-01,-0.052527257,,2023-06-01,0.004651029854954546
2023-06-02,-0.1609861796,,2023-06-02,0.003844304720909091
2023-06-05,0.01787681265,,2023-06-05,0.0030375795868636366
2023-06-06,-0.0518759108,,2023-06-06,0.002230854452818182
2023-06-07,0.03249689429,,2023-06-07,0.0014241293187727275
2023-06-08,0.02238342421,,2023-06-08,0.0006174041847272728
2023-06-09,0.007961876022,,2023-06-09,-0.000189320949318182
2023-06-12,-0.04962358302,,2023-06-12,-0.0009960460833636367
2023-06-13,0.00115208082,,2023-06-13,-0.0018027712174090915
2023-06-14,0.006509550031,,2023-06-14,-0.0026094963514545454
2023-06-15,0.06814978588,,2023-06-15,-0.0034162214855
2023-06-16,0.004256244251,,2023-06-16,-0.004222946619545455
2023-06-19,0.08842953789,,2023-06-19,-0.00502967175359091
2023-06-20,0.05413019458,,2023-06-20,-0.005836396887636364
2023-06-21,0.08747794652,,2023-06-21,-0.006643122021681819
2023-06-22,0.1219288794,,2023-06-22,-0.007449847155727274
2023-06-23,0.1330447967,,2023-06-23,-0.008256572289772729
2023-06-26,0.04386513491,,2023-06-26,-0.009063297423818183
2023-06-27,-0.04010962528,,2023-06-27,-0.009870022557863638
2023-06-28,-0.1792629932,,2023-06-28,-0.010676747691909091
2023-06-29,0.07115517158,,2023-06-29,-0.011483472825954548
2023-06-30,-0.07315811005,-0.01229019796,2023-06-30,-0.01229019796
2023-07-03,-0.04556685022,,2023-07-03,-0.011959348888190478
2023-07-04,-0.01301910006,,2023-07-04,-0.011628499816380953
2023-07-05,0.07035321379,,2023-07-05,-0.011297650744571428
2023-07-06,0.2387506569,,2023-07-06,-0.010966801672761905
2023-07-07,-0.04381427905,,2023-07-07,-0.010635952600952382
2023-07-10,-0.01201763083,,2023-07-10,-0.010305103529142857
2023-07-11,-0.05613215505,,2023-07-11,-0.009974254457333333
2023-07-12,-0.2200229866,,2023-07-12,-0.00964340538552381
2023-07-13,-0.02613795585,,2023-07-13,-0.009312556313714287
2023-07-14,0.03249689429,,2023-07-14,-0.008981707241904762
2023-07-17,0.08131949752,,2023-07-17,-0.008650858170095237
2023-07-18,-0.1070564745,,2023-07-18,-0.008320009098285714
2023-07-19,-0.3526677825,,2023-07-19,-0.007989160026476191
2023-07-20,0.005408325071,,2023-07-20,-0.007658310954666667
2023-07-21,0.05568129829,,2023-07-21,-0.007327461882857143
2023-07-24,0.02779077128,,2023-07-24,-0.006996612811047619
2023-07-25,-0.002453795226,,2023-07-25,-0.006665763739238095
2023-07-26,-0.01832669141,,2023-07-26,-0.006334914667428571
2023-07-27,-0.04351403388,,2023-07-27,-0.006004065595619047
2023-07-28,0.07476006963,,2023-07-28,-0.0056732165238095236
2023-07-31,-0.009865058768,-0.005342367452,2023-07-31,-0.005342367452
2023-08-01,0.03910815604,,2023-08-01,-0.00513701243975
2023-08-02,0.1265851246,,2023-08-02,-0.0049316574275
2023-08-03,-0.01041469325,,2023-08-03,-0.00472630241525
2023-08-04,-0.05052431853,,2023-08-04,-0.004520947403
2023-08-07,0.03650374923,,2023-08-07,-0.00431559239075
2023-08-08,0.01011444808,,2023-08-08,-0.0041102373785
2023-08-09,-0.04791991172,,2023-08-09,-0.00390488236625
2023-08-10,-0.02834236176,,2023-08-10,-0.0036995273539999997
2023-08-11,0.0971933717,,2023-08-11,-0.00349417234175
2023-08-14,0.01917754906,,2023-08-14,-0.0032888173295
2023-08-15,0.05087444156,,2023-08-15,-0.00308346231725
2023-08-16,0.0395580348,,2023-08-16,-0.002878107305
2023-08-17,0.1125156554,,2023-08-17,-0.00267275229275
2023-08-18,0.1299406333,,2023-08-18,-0.0024673972805
2023-08-21,0.09894496487,,2023-08-21,-0.00226204226825
2023-08-22,-0.0627424388,,2023-08-22,-0.002056687256
2023-08-23,-0.1012481485,,2023-08-23,-0.00185133224375
2023-08-24,0.01597362991,,2023-08-24,-0.0016459772315
2023-08-25,0.03184652609,,2023-08-25,-0.00144062221925
2023-08-29,-0.1690478114,,2023-08-29,-0.0012352672070000004
2023-08-30,-0.04802064544,,2023-08-30,-0.00102991219475
2023-08-31,-0.02062987505,-0.0008245571825,2023-08-31,-0.0008245571825
2023-09-01,0.0344499549,,2023-09-01,0.0011827270152380952
2023-09-04,0.006409794306,,2023-09-04,0.0031900112129761905
2023-09-05,0.0163736308,,2023-09-05,0.005197295410714287
2023-09-06,0.01982889526,,2023-09-06,0.007204579608452381
2023-09-07,0.03400007614,,2023-09-07,0.009211863806190476
2023-09-08,-0.03970766839,,2023-09-08,0.011219148003928573
2023-09-11,-0.02964407617,,2023-09-11,0.013226432201666668
2023-09-12,-0.009964814493,,2023-09-12,0.015233716399404762
2023-09-13,-0.009613713462,,2023-09-13,0.017241000597142855
2023-09-14,-0.1693480565,,2023-09-14,0.01924828479488095
2023-09-15,0.05502995209,,2023-09-15,0.021255568992619045
2023-09-18,0.1705001373,,2023-09-18,0.023262853190357143
2023-09-19,0.01131738476,,2023-09-19,0.025270137388095238
2023-09-20,-0.1430604671,,2023-09-20,0.027277421585833333
2023-09-21,0.03695460599,,2023-09-21,0.029284705783571428
2023-09-22,0.01592277405,,2023-09-22,0.031291989981309526
2023-09-25,0.0958906793,,2023-09-25,0.03329927417904762
2023-09-26,0.03935852335,,2023-09-26,0.035306558376785716
2023-09-27,0.05833558297,,2023-09-27,0.03731384257452381
2023-09-28,0.06083925606,,2023-09-28,0.039321126772261905
2023-09-29,-0.09048333223,0.04132841097,2023-09-29,0.04132841097
2023-10-02,0.1512717324,,2023-10-02,0.040084595751818185
2023-10-03,0.149970018,,2023-10-03,0.03884078053363636
2023-10-04,0.09258602642,,2023-10-04,0.03759696531545455
2023-10-05,-0.05362848196,,2023-10-05,0.036353150097272725
2023-10-06,-0.06624758113,,2023-10-06,0.03510933487909091
2023-10-09,0.08021827256,,2023-10-09,0.03386551966090909
2023-10-10,-0.1980904192,,2023-10-10,0.03262170444272727
2023-10-11,0.04581721752,,2023-10-11,0.03137788922454546
2023-10-12,0.02027975202,,2023-10-12,0.030134074006363636
2023-10-13,0.1910302567,,2023-10-13,0.028890258788181817
2023-10-16,-0.03264848388,,2023-10-16,0.02764644357
2023-10-17,-0.08517476288,,2023-10-17,0.026402628351818183
2023-10-18,0.1432101007,,2023-10-18,0.025158813133636364
2023-10-19,0.09534006682,,2023-10-19,0.023914997915454546
2023-10-20,0.09033272064,,2023-10-20,0.022671182697272727
2023-10-23,-0.01316971165,,2023-10-23,0.02142736747909091
2023-10-24,0.03249787229,,2023-10-24,0.02018355226090909
2023-10-25,0.06179084743,,2023-10-25,0.01893973704272727
2023-10-26,0.04386415692,,2023-10-26,0.017695921824545453
2023-10-27,-0.04161085114,,2023-10-27,0.016452106606363634
2023-10-30,-0.07581141673,,2023-10-30,0.015208291388181819
2023-10-31,-0.03279811746,0.01396447617,2023-10-31,0.01396447617
2023-11-01,-0.0514759099,,2023-11-01,0.013935902575909091
2023-11-02,-0.2911273024,,2023-11-02,0.013907328981818182
2023-11-03,-0.1084090447,,2023-11-03,0.013878755387727273
2023-11-06,0.1183239814,,2023-11-06,0.013850181793636363
2023-11-07,-0.007110040373,,2023-11-07,0.013821608199545454
2023-11-08,-0.04236293106,,2023-11-08,0.013793034605454545
2023-11-09,-0.09594055716,,2023-11-09,0.013764461011363636
2023-11-10,0.09253614856,,2023-11-10,0.013735887417272727
2023-11-13,-0.03034432224,,2023-11-13,0.013707313823181818
2023-11-14,-0.3116574217,,2023-11-14,0.01367874022909091
2023-11-15,-0.07030333593,,2023-11-15,0.013650166634999999
2023-11-16,0.1627387508,,2023-11-16,0.01362159304090909
2023-11-17,-0.1083591669,,2023-11-17,0.013593019446818181
2023-11-20,-0.01562252887,,2023-11-20,0.013564445852727272
2023-11-21,0.1259347564,,2023-11-21,0.013535872258636363
2023-11-22,-0.06639721471,,2023-11-22,0.013507298664545454
2023-11-23,-0.0003012231685,,2023-11-23,0.013478725070454545
2023-11-24,0.01136726262,,2023-11-24,0.013450151476363637
2023-11-27,0.009764325046,,2023-11-27,0.013421577882272726
2023-11-28,0.02583771068,,2023-11-28,0.013393004288181817
2023-11-29,-0.04035901459,,2023-11-29,0.013364430694090908
2023-11-30,0.1172217784,0.0133358571,2023-11-30,0.0133358571
2023-12-01,-0.08772831383,,2023-12-01,0.021712069189473687
2023-12-04,0.02373403848,,2023-12-04,0.030088281278947374
2023-12-05,-0.06319231756,,2023-12-05,0.03846449336842106
2023-12-06,-0.0897312523,,2023-12-06,0.046840705457894746
2023-12-07,0.02403526165,,2023-12-07,0.05521691754736843
2023-12-08,-0.04171158486,,2023-12-08,0.06359312963684212
2023-12-11,-0.0242357511,,2023-12-11,0.0719693417263158
2023-12-12,0.04421525795,,2023-12-12,0.08034555381578949
2023-12-13,-0.01687534342,,2023-12-13,0.08872176590526318
2023-12-14,-0.2810118763,,2023-12-14,0.09709797799473686
2023-12-15,0.02403526165,,2023-12-15,0.10547419008421055
2023-12-18,-0.005808325966,,2023-12-18,0.11385040217368424
2023-12-19,-0.04777027813,,2023-12-19,0.12222661426315792
2023-12-20,-0.1567798132,,2023-12-20,0.1306028263526316
2023-12-21,0.02909248569,,2023-12-21,0.13897903844210527
2023-12-22,-0.03004407706,,2023-12-22,0.14735525053157897
2023-12-27,-0.04496635987,,2023-12-27,0.15573146262105267
2023-12-28,0.0008019577862,,2023-12-28,0.16410767471052634
2023-12-29,0.01482154909,0.1724838868,2023-12-29,0.1724838868
2024-01-02,0.08903002824,,2024-01-02,0.16403210861
2024-01-03,0.09283639373,,2024-01-03,0.15558033042000002
2024-01-04,-0.02288318083,,2024-01-04,0.14712855223000001
2024-01-05,0.08096839649,,2024-01-05,0.13867677404
2024-01-08,-0.09183492449,,2024-01-08,0.13022499585
2024-01-09,0.04997370605,,2024-01-09,0.12177321766
2024-01-10,0.006960406786,,2024-01-10,0.11332143947000001
2024-01-11,0.08622610998,,2024-01-11,0.10486966128
2024-01-12,-0.04491550401,,2024-01-12,0.09641788308999999
2024-01-15,-0.001602937575,,2024-01-15,0.0879661049
2024-01-16,0.003755509633,,2024-01-16,0.07951432671
2024-01-17,0.1646918114,,2024-01-17,0.07106254851999999
2024-01-18,-0.04186121844,,2024-01-18,0.06261077032999998
2024-01-19,0.03835607612,,2024-01-19,0.05415899213999999
2024-01-22,-0.1022496177,,2024-01-22,0.04570721394999999
2024-01-23,0.04156097327,,2024-01-23,0.03725543575999998
2024-01-24,-0.08968137444,,2024-01-24,0.028803657569999974
2024-01-25,-0.02573795495,,2024-01-25,0.020351879379999965
2024-01-26,-0.05753460318,,2024-01-26,0.011900101189999984
2024-01-29,0.01342007895,,2024-01-29,0.0034483229999999754
2024-01-30,-0.01917852706,,2024-01-30,-0.0050034551900000335
2024-01-31,-0.004256244251,-0.01345523338,2024-01-31,-0.01345523338
2024-02-01,0.1135670025,,2024-02-01,-0.011842766947142858
2024-02-02,-0.02073060877,,2024-02-02,-0.010230300514285716
2024-02-05,0.07711313113,,2024-02-05,-0.008617834081428572
2024-02-06,-0.07646276293,,2024-02-06,-0.007005367648571429
2024-02-07,0.03344946366,,2024-02-07,-0.005392901215714287
2024-02-08,0.0009017135109,,2024-02-08,-0.003780434782857143
2024-02-09,0.02022889616,,2024-02-09,-0.0021679683500000005
2024-02-12,-0.07090382627,,2024-02-12,-0.0005555019171428581
2024-02-13,0.1402555708,,2024-02-13,0.0010569645157142843
2024-02-14,-0.04010864728,,2024-02-14,0.0026694309485714267
2024-02-15,-0.04791991172,,2024-02-15,0.004281897381428569
2024-02-16,-0.04621819642,,2024-02-16,0.005894363814285715
2024-02-19,-0.01251836544,,2024-02-19,0.007506830247142857
2024-02-20,0.05372921568,,2024-02-20,0.00911929668
2024-02-21,-0.004707101006,,2024-02-21,0.010731763112857142
2024-02-22,-0.07235615226,,2024-02-22,0.012344229545714284
2024-02-23,0.04201183003,,2024-02-23,0.013956695978571427
2024-02-26,0.02638832316,,2024-02-26,0.01556916241142857
2024-02-27,-0.01842644713,,2024-02-27,0.01718162884428571
2024-02-28,0.07516007052,,2024-02-28,0.018794095277142854
2024-02-29,-0.02068073091,0.02040656171,2024-02-29,0.02040656171
2024-03-01,-0.149970018,,2024-03-01,0.020652694442380954
2024-03-04,0.05272774645,,2024-03-04,0.020898827174761905
2024-03-05,-0.01096628373,,2024-03-05,0.02114495990714286
2024-03-06,-0.1012481485,,2024-03-06,0.02139109263952381
2024-03-07,-0.05548178685,,2024-03-07,0.021637225371904763
2024-03-08,-0.008913467395,,2024-03-08,0.021883358104285714
2024-03-11,0.03590325889,,2024-03-11,0.022129490836666668
2024-03-12,-0.01757558948,,2024-03-12,0.02237562356904762
2024-03-13,0.0006503682047,,2024-03-13,0.022621756301428573
2024-03-14,0.03900742232,,2024-03-14,0.022867889033809524
2024-03-15,-0.01346995682,,2024-03-15,0.023114021766190478
2024-03-18,0.01321958951,,2024-03-18,0.023360154498571428
2024-03-19,0.02688905777,,2024-03-19,0.023606287230952382
2024-03-20,-0.02583771068,,2024-03-20,0.023852419963333336
2024-03-21,-0.1286389189,,2024-03-21,0.024098552695714287
2024-03-22,0.008512488502,,2024-03-22,0.024344685428095238
2024-03-25,0.05548178685,,2024-03-25,0.024590818160476192
2024-03-26,-0.08217035517,,2024-03-26,0.024836950892857146
2024-03-27,-0.01657412025,,2024-03-27,0.025083083625238096
2024-03-28,-0.03705436171,,2024-03-28,0.025329216357619047
2024-04-02,0.08552488591,0.02557534909,2024-04-02,0.02557534909
2024-04-03,-0.01987877313,,2024-04-03,0.02890963721368421
2024-04-04,-0.05988766468,,2024-04-04,0.03224392533736842
2024-04-05,0.0737576224,,2024-04-05,0.03557821346105263
2024-04-08,-0.06444415411,,2024-04-08,0.038912501584736844
2024-04-09,0.04566660594,,2024-04-09,0.04224678970842105
2024-04-10,-0.01922840492,,2024-04-10,0.04558107783210526
2024-04-11,0.007461141404,,2024-04-11,0.04891536595578947
2024-04-12,0.03289885118,,2024-04-12,0.052249654079473684
2024-04-15,0.01116579518,,2024-04-15,0.05558394220315789
2024-04-16,0.1774605441,,2024-04-16,0.0589182303268421
2024-04-17,0.002203427918,,2024-04-17,0.06225251845052632
2024-04-18,-0.05538105312,,2024-04-18,0.06558680657421052
2024-04-19,0.0297428539,,2024-04-19,0.06892109469789473
2024-04-22,-0.1042026784,,2024-04-22,0.07225538282157894
2024-04-23,-0.1002965571,,2024-04-23,0.07558967094526316
2024-04-24,0.04020840301,,2024-04-24,0.07892395906894736
2024-04-25,0.05878643972,,2024-04-25,0.08225824719263157
2024-04-26,-0.1112628409,,2024-04-26,0.08559253531631578
2024-04-29,-0.1304922238,0.08892682344,2024-04-29,0.08892682344
